{"cameraMode":{"drawMode":0,"name":"Shaded","section":"Shading Mode"},"sceneLighting":true,"audioPlay":false,"sceneViewState":{"showFog":true,"showMaterialUpdate":false,"showSkybox":true,"showFlares":true,"showImageEffects":true,"showParticleSystems":true},"in2DMode":false,"pivot":{"x":-0.8923006057739258,"y":-0.00000858306884765625,"z":-0.6002864837646484},"rotation":{"x":-0.20721283555030824,"y":0.29737886786460879,"z":-0.06628356128931046,"w":-0.9296457767486572},"size":15.338403701782227,"orthographic":false}